,ObjectId,Country,ISO2,ISO3,Indicator,Code,Unit,F2005,F2006,F2007,F2008,F2009,F2010,F2011,F2012,F2013,F2014,F2015,F2016,F2017,F2018,F2019
1,2,Argentina,AR,ARG,C02 Emissions Embodied in Final Domestic Demand,ECBPDTCEFDD,Millions of metric tons,141.179,153.437,166.893,179.929,167.849,183.055,198.549,203.188,205.328,203.334,216.033,225.44677595898523,235.23689590195468,245.41840531064688,256.0069511551471
7,8,Australia,AU,AUS,C02 Emissions Embodied in Final Domestic Demand,ECBPDTCEFDD,Millions of metric tons,418.419,420.983,444.589,441.382,434.028,446.207,450.346,469.371,448.017,423.099,426.401,431.10130288348375,435.848985419754,440.64452520175604,445.488404636633
13,14,Austria,AT,AUT,C02 Emissions Embodied in Final Domestic Demand,ECBPDTCEFDD,Millions of metric tons,95.26,95.392,94.53,92.343,86.54,89.736,90.344,86.191,86.533,82.95,83.435,82.79653485410329,82.16903827958687,81.55232184085817,80.94620033957135
19,20,Belgium,BE,BEL,C02 Emissions Embodied in Final Domestic Demand,ECBPDTCEFDD,Millions of metric tons,131.706,129.887,129.689,137.2,128.668,127.702,122.485,117.934,117.656,112.33,117.828,117.39822657561713,116.97174905628411,116.54854216591484,116.12858082226384
25,26,Brazil,BR,BRA,C02 Emissions Embodied in Final Domestic Demand,ECBPDTCEFDD,Millions of metric tons,312.82,330.87,363.675,410.889,385.398,458.99,486.293,510.588,542.574,555.957,475.385,490.99468451191234,507.101036864052,523.7198599987096,540.8674596750783
31,32,Brunei Darussalam,BN,BRN,C02 Emissions Embodied in Final Domestic Demand,ECBPDTCEFDD,Millions of metric tons,4.084,5.736,6.357,5.545,6.077,5.173,5.601,6.113,6.635,5.438,6.39,6.6085149671564976,6.815361564883589,7.011162866497087,7.19650867413818
37,38,Bulgaria,BG,BGR,C02 Emissions Embodied in Final Domestic Demand,ECBPDTCEFDD,Millions of metric tons,39.274,42.329,46.07,45.708,39.561,36.318,38.741,36.067,32.037,33.911,34.763,34.58960362933686,34.422434814316354,34.261269891380074,34.1058932298785
43,44,Cambodia,KH,KHM,C02 Emissions Embodied in Final Domestic Demand,ECBPDTCEFDD,Millions of metric tons,6.164,6.643,7.23,7.04,7.691,8.007,8.797,9.111,9.679,10.972,12.595,13.616909887607529,14.689414216111826,15.8150179005555,16.996349873546315
49,50,Canada,CA,CAN,C02 Emissions Embodied in Final Domestic Demand,ECBPDTCEFDD,Millions of metric tons,539.81,553.833,579.075,570.416,530.396,558.842,565.766,557.857,561.804,563.554,547.864,554.7157507658484,561.6504120739078,568.6689871944731,575.7724915380476
55,56,Chile,CL,CHL,C02 Emissions Embodied in Final Domestic Demand,ECBPDTCEFDD,Millions of metric tons,61.148,65.116,71.811,79.935,70.007,82.834,91.96,95.938,99.348,89.911,89.237,92.27435486019567,95.39706571819947,98.60753125533023,101.90821756084785
61,62,"China, P.R.: Hong Kong",HK,HKG,C02 Emissions Embodied in Final Domestic Demand,ECBPDTCEFDD,Millions of metric tons,71.768,79.103,82.477,74.991,80.851,84.042,90.016,98.823,107.616,112.459,104.308,108.00687168051944,111.81884251776154,115.74737070664526,119.79602018215378
67,68,"China, P.R.: Mainland",CN,CHN,C02 Emissions Embodied in Final Domestic Demand,ECBPDTCEFDD,Millions of metric tons,4261.016,4547.829,4885.374,5160.751,6019.603,6473.786,7151.405,7372.113,7782.052,7783.586,7977.936,8495.570551318684,9046.756249797358,9633.66775605882,10258.6206841425
73,74,Colombia,CO,COL,C02 Emissions Embodied in Final Domestic Demand,ECBPDTCEFDD,Millions of metric tons,63.647,66.373,71.415,75.29,71.951,78.324,89.064,92.198,99.774,103.908,97.378,101.78369908503223,106.36146848549144,111.11802863163848,116.06036242889016
79,80,Costa Rica,CR,CRI,C02 Emissions Embodied in Final Domestic Demand,ECBPDTCEFDD,Millions of metric tons,8.977,9.794,11.092,11.888,9.892,11.458,12.294,12.403,12.926,13.348,13.546,14.013833417857429,14.463402483295058,14.8954202419325,15.310571901881433
85,86,"Croatia, Rep. of",HR,HRV,C02 Emissions Embodied in Final Domestic Demand,ECBPDTCEFDD,Millions of metric tons,24.431,25.71,26.969,26.763,23.731,22.403,21.277,19.014,19.095,16.877,17.126,16.90010771350216,16.684630911589483,16.479089355114255,16.28302494788688
91,92,Cyprus,CY,CYP,C02 Emissions Embodied in Final Domestic Demand,ECBPDTCEFDD,Millions of metric tons,10.936,11.268,11.968,11.618,10.521,10.899,9.959,9.196,7.979,7.936,7.929,7.9789451561685825,8.023952745275972,8.064510894106707,8.101059473339667
97,98,Czech Rep.,CZ,CZE,C02 Emissions Embodied in Final Domestic Demand,ECBPDTCEFDD,Millions of metric tons,104.715,106.913,111.236,111.365,102.034,109.28,107.386,98.881,95.808,93.444,91.848,91.24148645507954,90.6431753875842,90.05295586736825,89.47071846450318
103,104,Denmark,DK,DNK,C02 Emissions Embodied in Final Domestic Demand,ECBPDTCEFDD,Millions of metric tons,78.678,90.926,88.523,86.768,78.4,74.771,72.233,64.669,66.926,62.631,59.383,58.11202450942456,56.875480399549446,55.67243490653641,54.5019805356
109,110,"Estonia, Rep. of",EE,EST,C02 Emissions Embodied in Final Domestic Demand,ECBPDTCEFDD,Millions of metric tons,15.206,15.321,17.591,16.473,12.757,14.754,14.435,14.088,15.476,14.749,13.291,13.206916847929007,13.127875724919084,13.053574286726159,12.983728319117066
115,116,Finland,FI,FIN,C02 Emissions Embodied in Final Domestic Demand,ECBPDTCEFDD,Millions of metric tons,65.406,73.113,73.064,66.259,64.212,68.089,63.172,58.24,58.446,55.964,52.286,51.83740458119696,51.39882183213231,50.9700282695713,50.55080539843493
121,122,France,FR,FRA,C02 Emissions Embodied in Final Domestic Demand,ECBPDTCEFDD,Millions of metric tons,536.228,533.374,541.309,537.553,501.074,510.155,494.781,474.904,475.829,448.16,445.014,444.14301649119244,443.2741126464297,442.4072835000581,441.54252409828035
127,128,G20,,G20,C02 Emissions Embodied in Final Domestic Demand,ECBPDTCEFDD,Millions of metric tons,23104.57,23738.356,24506.797,24513.459,24072.18,25483.283,26274.342,26372.818,26760.591,26772.893,26687.974,27157.24807345785,27634.766245896426,28120.67334775032,28615.116753801896
133,134,Germany,DE,DEU,C02 Emissions Embodied in Final Domestic Demand,ECBPDTCEFDD,Millions of metric tons,940.237,958.69,927.915,951.306,869.137,925.153,910.867,879.989,898.539,864.752,853.444,853.7053477741632,853.9666808677641,854.2279992816277,854.4893030165783
139,140,Greece,GR,GRC,C02 Emissions Embodied in Final Domestic Demand,ECBPDTCEFDD,Millions of metric tons,121.64,122.27,133.478,138.694,122.882,108.411,103.823,89.135,78.272,78.306,72.95,70.71438856417792,68.55876883415682,66.4802786520078,64.4761582697697
145,146,Hungary,HU,HUN,C02 Emissions Embodied in Final Domestic Demand,ECBPDTCEFDD,Millions of metric tons,68.129,65.558,64.273,63.315,55.372,55.564,53.106,48.005,46.072,46.181,48.26,46.939591814763546,45.67813057011099,44.473196445518575,43.32225641405754
151,152,Iceland,IS,ISL,C02 Emissions Embodied in Final Domestic Demand,ECBPDTCEFDD,Millions of metric tons,4.539,5.048,4.946,3.805,2.454,2.523,2.61,2.578,2.547,2.716,2.881,2.8784392899464777,2.876454358634424,2.8749157415199433,2.873723084317854
157,158,India,IN,IND,C02 Emissions Embodied in Final Domestic Demand,ECBPDTCEFDD,Millions of metric tons,1021.747,1099.753,1234.915,1277.116,1419.081,1517.02,1632.386,1734.412,1696.941,1858.186,1918.813,2035.1626940447045,2158.5032939847647,2289.2548504755696,2427.8626530407932
163,164,Indonesia,ID,IDN,C02 Emissions Embodied in Final Domestic Demand,ECBPDTCEFDD,Millions of metric tons,304.444,329.595,356.206,370.883,373.292,397.775,435.245,470.398,475.289,496.938,484.588,507.81389373662483,532.107227364074,557.5170594001141,584.0947030451277
169,170,Ireland,IE,IRL,C02 Emissions Embodied in Final Domestic Demand,ECBPDTCEFDD,Millions of metric tons,63.251,67.023,69.988,68.001,59.037,56.311,48.915,48.587,47.516,48.607,46.672,45.89387668116691,45.137547403126895,44.402401748221735,43.68784639565565
175,176,Israel,IL,ISR,C02 Emissions Embodied in Final Domestic Demand,ECBPDTCEFDD,Millions of metric tons,83.813,83.8,88.145,88.34,85.309,92.489,95.664,98.883,90.278,89.165,88.27,89.54208731131985,90.82977238626229,92.13312239340046,93.45222066607926
181,182,Italy,IT,ITA,C02 Emissions Embodied in Final Domestic Demand,ECBPDTCEFDD,Millions of metric tons,584.451,591.867,588.703,576.839,506.222,526.807,517.397,464.939,436.164,418.783,423.012,413.89006827927733,404.97125847294,396.25104757935117,387.725013312466
187,188,Japan,JP,JPN,C02 Emissions Embodied in Final Domestic Demand,ECBPDTCEFDD,Millions of metric tons,1501.962,1469.603,1463.367,1421.24,1308.02,1376.865,1471.923,1530.866,1497.445,1448.543,1361.019,1359.5205129418994,1358.0244553984787,1356.530823430737,1355.0396131060604
193,194,"Kazakhstan, Rep. of",KZ,KAZ,C02 Emissions Embodied in Final Domestic Demand,ECBPDTCEFDD,Millions of metric tons,101.159,112.279,123.68,143.647,143.622,148.019,151.268,163.627,181.262,163.473,180.186,191.84701159138805,204.21284011120548,217.32608622910325,231.23192549195434
199,200,"Korea, Rep. of",KR,KOR,C02 Emissions Embodied in Final Domestic Demand,ECBPDTCEFDD,Millions of metric tons,546.933,575.271,591.706,564.744,519.932,578.064,608.359,584.033,582.966,576.605,584.818,595.3828041515364,606.1313242340902,617.0667549631358,628.1923466084316
205,206,Latvia,LV,LVA,C02 Emissions Embodied in Final Domestic Demand,ECBPDTCEFDD,Millions of metric tons,10.94,12.638,13.654,13.125,10.141,11.103,11.13,10.06,9.864,9.377,9.229,9.362010312376457,9.483770414962274,9.595231867212297,9.697265744269256
211,212,Lithuania,LT,LTU,C02 Emissions Embodied in Final Domestic Demand,ECBPDTCEFDD,Millions of metric tons,16.816,17.376,18.348,18.333,14.444,16.075,15.632,14.527,14.109,13.952,14.205,14.127734884224935,14.055094061397249,13.986800769034298,13.922594808801238
217,218,Luxembourg,LU,LUX,C02 Emissions Embodied in Final Domestic Demand,ECBPDTCEFDD,Millions of metric tons,11.733,11.085,10.867,11.021,9.787,10.269,10.616,10.427,10.014,9.232,9.147,9.10094706135608,9.056994808931337,9.015047420771268,8.97501344580117
223,224,Malaysia,MY,MYS,C02 Emissions Embodied in Final Domestic Demand,ECBPDTCEFDD,Millions of metric tons,123.612,125.351,139.493,144.669,140.763,165.254,168.838,180.354,201.847,210.804,209.462,221.6250787798796,234.4434969538744,247.9525638157291,262.1894911027711
229,230,Malta,MT,MLT,C02 Emissions Embodied in Final Domestic Demand,ECBPDTCEFDD,Millions of metric tons,2.974,3.012,3.0,2.871,3.024,3.294,3.456,3.055,2.979,2.846,2.597,2.712050208546506,2.7978969713025106,2.8619530627150414,2.9097490998296602
235,236,Mexico,MX,MEX,C02 Emissions Embodied in Final Domestic Demand,ECBPDTCEFDD,Millions of metric tons,449.434,469.798,480.305,482.349,443.855,472.391,491.945,496.43,492.039,486.441,485.486,491.1052412908706,496.78452472948953,502.52449187213085,508.3257911301609
241,242,Morocco,MA,MAR,C02 Emissions Embodied in Final Domestic Demand,ECBPDTCEFDD,Millions of metric tons,46.491,47.147,50.529,54.604,54.38,56.416,60.546,61.727,61.914,63.151,66.593,69.35108574087211,72.19111238110753,75.11551433051774,78.12679832361626
247,248,"Netherlands, The",NL,NLD,C02 Emissions Embodied in Final Domestic Demand,ECBPDTCEFDD,Millions of metric tons,200.765,200.812,209.483,204.002,193.684,200.406,188.672,177.73,178.633,168.994,179.238,178.077939493508,176.93121249936664,175.79766576474933,174.67714779828802
253,254,New Zealand,NZ,NZL,C02 Emissions Embodied in Final Domestic Demand,ECBPDTCEFDD,Millions of metric tons,45.471,43.973,44.747,44.244,37.451,40.021,40.819,41.509,43.508,43.891,42.83,42.72299055101036,42.61807094093716,42.51520035631263,42.41433878073483
259,260,Norway,NO,NOR,C02 Emissions Embodied in Final Domestic Demand,ECBPDTCEFDD,Millions of metric tons,56.603,60.871,63.672,66.367,60.5,64.134,65.158,61.488,63.328,63.259,59.565,60.04439447383409,60.52282643441054,61.00029781423342,61.476810541926774
265,266,Peru,PE,PER,C02 Emissions Embodied in Final Domestic Demand,ECBPDTCEFDD,Millions of metric tons,31.266,30.8,35.436,45.135,42.639,50.108,54.34,56.917,59.951,61.481,63.635,67.66166207950435,71.88710207219971,76.32113273564862,80.9740512384301
271,272,Philippines,PH,PHL,C02 Emissions Embodied in Final Domestic Demand,ECBPDTCEFDD,Millions of metric tons,79.266,75.723,80.101,86.035,86.448,94.551,98.557,100.77,114.402,120.849,135.202,144.28575926328574,153.94454306079587,164.21475187446484,175.13509042718755
277,278,"Poland, Rep. of",PL,POL,C02 Emissions Embodied in Final Domestic Demand,ECBPDTCEFDD,Millions of metric tons,276.563,288.574,297.128,311.401,288.886,308.91,305.965,293.628,283.896,277.432,273.84,275.5332096281891,277.2343803991598,278.94354974465904,280.6607552724305
283,284,Portugal,PT,PRT,C02 Emissions Embodied in Final Domestic Demand,ECBPDTCEFDD,Millions of metric tons,77.898,73.034,71.777,71.041,65.172,61.673,58.196,53.633,48.975,49.611,51.674,50.10231168663523,48.59229239062552,47.14152237793762,45.747676858694035
289,290,Romania,RO,ROU,C02 Emissions Embodied in Final Domestic Demand,ECBPDTCEFDD,Millions of metric tons,87.654,94.731,101.002,105.731,85.289,80.792,84.482,80.131,69.888,70.183,72.506,71.85444422914345,71.21819280236623,70.59688623709113,69.99017349459994
295,296,Russian Federation,RU,RUS,C02 Emissions Embodied in Final Domestic Demand,ECBPDTCEFDD,Millions of metric tons,1099.208,1180.126,1241.89,1266.253,1144.898,1227.579,1307.88,1331.792,1324.769,1278.977,1167.53,1182.998794783622,1198.667605908536,1214.53901964842,1230.615655718278
301,302,Saudi Arabia,SA,SAU,C02 Emissions Embodied in Final Domestic Demand,ECBPDTCEFDD,Millions of metric tons,279.202,309.556,347.733,400.371,410.69,450.705,459.966,500.522,502.969,569.349,595.054,639.5077798068966,687.2265119208822,738.4499940287649,793.4356359982331
307,308,Singapore,SG,SGP,C02 Emissions Embodied in Final Domestic Demand,ECBPDTCEFDD,Millions of metric tons,50.95,50.488,54.243,61.996,58.225,67.223,69.267,73.04,72.008,70.825,70.497,72.92188320606277,75.40538183711945,77.9489127729763,80.55392714292911
313,314,Slovak Rep.,SK,SVK,C02 Emissions Embodied in Final Domestic Demand,ECBPDTCEFDD,Millions of metric tons,33.123,33.526,36.807,37.643,35.727,36.344,36.281,32.032,30.164,29.494,30.648,30.69711104037779,30.744849981750015,30.79125515878982,30.836363835149132
319,320,"Slovenia, Rep. of",SI,SVN,C02 Emissions Embodied in Final Domestic Demand,ECBPDTCEFDD,Millions of metric tons,17.726,17.899,19.013,20.659,17.036,17.497,17.239,15.885,15.195,14.321,14.0,13.886706259485969,13.779301928228662,13.677480853909023,13.580952799088136
325,326,South Africa,ZA,ZAF,C02 Emissions Embodied in Final Domestic Demand,ECBPDTCEFDD,Millions of metric tons,300.6,305.361,311.256,323.117,327.917,312.591,301.454,325.787,330.458,328.481,313.451,316.4233457163586,319.4196105359558,322.43998694094375,325.48466896241933
331,332,Spain,ES,ESP,C02 Emissions Embodied in Final Domestic Demand,ECBPDTCEFDD,Millions of metric tons,411.653,422.061,444.016,409.594,342.632,331.677,326.59,300.528,277.159,279.68,293.817,286.61022830056737,279.59081841621133,272.7538993101887,266.09472658308033
337,338,Sweden,SE,SWE,C02 Emissions Embodied in Final Domestic Demand,ECBPDTCEFDD,Millions of metric tons,82.664,86.165,86.243,82.493,71.743,84.571,82.639,77.065,76.184,74.291,70.196,69.76887167506412,69.34994227450657,68.93905441620815,68.53605373907168
343,344,Switzerland,CH,CHE,C02 Emissions Embodied in Final Domestic Demand,ECBPDTCEFDD,Millions of metric tons,92.425,94.037,92.534,95.084,97.205,96.024,100.686,97.864,98.287,90.92,94.16,94.80249668544279,95.44799703427003,96.09651508856776,96.74806495606852
349,350,Taiwan Province of China,TW,TWN,C02 Emissions Embodied in Final Domestic Demand,ECBPDTCEFDD,Millions of metric tons,235.148,242.151,230.723,223.906,207.119,219.138,221.199,210.442,211.848,214.94,210.858,209.7615765483041,208.67442541361038,207.5964681810852,206.5276270990394
355,356,Thailand,TH,THA,C02 Emissions Embodied in Final Domestic Demand,ECBPDTCEFDD,Millions of metric tons,196.757,192.624,195.255,209.025,196.471,226.18,232.508,249.455,255.149,239.72,235.388,240.63824254308082,245.98834072359182,251.44019372014134,256.99573683227675
361,362,Tunisia,TN,TUN,C02 Emissions Embodied in Final Domestic Demand,ECBPDTCEFDD,Millions of metric tons,21.597,22.315,23.018,24.176,24.01,25.67,25.799,27.023,26.991,28.711,29.138,30.16067781730833,31.206375126550668,32.275610074302534,33.36891247011945
367,368,Turkey,TR,TUR,C02 Emissions Embodied in Final Domestic Demand,ECBPDTCEFDD,Millions of metric tons,281.603,309.107,339.302,334.401,299.313,335.314,367.0,356.841,368.813,369.74,374.947,387.6158910948473,400.6975124700455,414.2053101551676,428.1531682278773
373,374,United Kingdom,GB,GBR,C02 Emissions Embodied in Final Domestic Demand,ECBPDTCEFDD,Millions of metric tons,737.362,751.506,749.298,697.83,616.993,643.301,603.585,623.904,612.671,590.239,575.797,568.2641158476523,560.8312173214189,553.4969772901206,546.2600862378819
379,380,United States,US,USA,C02 Emissions Embodied in Final Domestic Demand,ECBPDTCEFDD,Millions of metric tons,6798.774,6741.173,6714.566,6393.67,5873.202,6151.835,5932.419,5726.174,5837.047,5854.868,5794.513,5740.466232739329,5686.930847789142,5633.902006527615,5581.374916115234
385,386,Vietnam,VN,VNM,C02 Emissions Embodied in Final Domestic Demand,ECBPDTCEFDD,Millions of metric tons,78.15,81.584,96.398,106.854,112.548,123.54,119.701,117.425,123.209,131.967,152.455,163.15854457551183,174.53005396812034,186.61121315365122,199.4463084982505
391,392,World,,WLD,C02 Emissions Embodied in Final Domestic Demand,ECBPDTCEFDD,Millions of metric tons,27069.6,27924.3,28979.7,29202.9,28815.2,30489.9,31338.3,31669.2,32287.8,32327.8,32276.0,33072.601218485455,33888.8538354524,34725.242632311296,35582.26434957143
2,3,Argentina,AR,ARG,C02 Emissions Embodied in Gross Exports,ECBPDTCETX,Millions of metric tons,39.183,40.226,39.506,41.645,35.266,34.34,34.414,30.523,26.565,27.168,21.294,20.59563716489599,19.934237303542037,19.307888863973496,18.71473426768004
20,21,Belgium,BE,BEL,C02 Emissions Embodied in Gross Exports,ECBPDTCETX,Millions of metric tons,75.411,81.133,85.174,94.041,70.184,77.07,80.301,75.382,72.751,71.156,70.603,70.3235449640969,70.0486566034555,69.77826029239272,69.5122826247106
74,75,Colombia,CO,COL,C02 Emissions Embodied in Gross Exports,ECBPDTCETX,Millions of metric tons,13.846,13.683,13.772,14.32,14.449,14.598,16.396,16.992,19.187,21.543,21.498,22.52468338887893,23.58084137835954,24.667320141750995,25.78499014477879
128,129,G20,,G20,C02 Emissions Embodied in Gross Exports,ECBPDTCETX,Millions of metric tons,1256.467,1426.533,1582.225,1700.392,1474.814,1690.873,1808.024,1871.121,1947.098,1882.403,1737.099,1790.1049203911523,1844.7051098296204,1900.947519445702,1958.8815426048693
170,171,Ireland,IE,IRL,C02 Emissions Embodied in Gross Exports,ECBPDTCETX,Millions of metric tons,39.15,41.197,42.435,40.058,36.926,38.516,38.599,38.677,40.624,42.747,46.679,47.90184740328454,49.14772450915225,50.41706503255371,51.71031085652839
302,303,Saudi Arabia,SA,SAU,C02 Emissions Embodied in Gross Exports,ECBPDTCETX,Millions of metric tons,75.624,79.712,76.142,71.91,62.705,67.715,82.251,81.683,91.796,76.162,76.725,77.60654421574927,78.49043123157266,79.37666727371736,80.2652585849775
320,321,"Slovenia, Rep. of",SI,SVN,C02 Emissions Embodied in Gross Exports,ECBPDTCETX,Millions of metric tons,9.745,11.108,11.869,11.852,8.503,9.911,10.887,10.145,9.793,9.159,8.715,8.763990819763595,8.808830700354031,8.849871346358052,8.88743466281315
386,387,Vietnam,VN,VNM,C02 Emissions Embodied in Gross Exports,ECBPDTCETX,Millions of metric tons,49.988,56.391,64.183,72.53,71.099,79.877,87.649,88.506,101.144,115.035,131.345,145.81479567468827,161.78644408816416,179.4158259245585,198.8750010758949
392,393,World,,WLD,C02 Emissions Embodied in Gross Exports,ECBPDTCETX,Millions of metric tons,0.0,0.0,0.0,0.0,0.0,0.0,0.0,0.0,0.0,0.0,0.0,-0.003963608859513412,-0.0033839785796536404,-0.003468742559460586,-0.0034563468435666045
8,9,Australia,AU,AUS,C02 Emissions Embodied in Gross Exports,ECBPDTCETX,Millions of metric tons,83.349,98.534,99.035,114.077,105.528,108.995,120.918,107.405,115.636,121.436,110.405,121.408,126.395,127.971,136.977
14,15,Austria,AT,AUT,C02 Emissions Embodied in Gross Exports,ECBPDTCETX,Millions of metric tons,45.055,49.11,51.818,52.956,40.094,52.375,55.445,52.791,51.277,49.46,46.772,48.34,51.791,57.168,51.976
26,27,Brazil,BR,BRA,C02 Emissions Embodied in Gross Exports,ECBPDTCETX,Millions of metric tons,84.541,83.466,81.835,86.27,64.443,73.39,82.055,87.427,89.595,90.696,103.911,94.624,108.843,123.298,129.117
32,33,Brunei Darussalam,BN,BRN,C02 Emissions Embodied in Gross Exports,ECBPDTCETX,Millions of metric tons,2.673,3.787,3.135,4.133,3.846,4.18,4.953,5.035,4.852,4.188,2.435,2.491,2.486,2.953,3.073
38,39,Bulgaria,BG,BGR,C02 Emissions Embodied in Gross Exports,ECBPDTCETX,Millions of metric tons,19.449,20.564,25.173,24.649,17.706,21.581,26.45,23.531,22.217,23.66,24.428,20.766,20.381,19.813,14.502
44,45,Cambodia,KH,KHM,C02 Emissions Embodied in Gross Exports,ECBPDTCETX,Millions of metric tons,1.76,1.961,2.111,2.017,1.85,2.101,2.67,3.035,3.181,3.673,3.485,3.994,4.141,4.112,3.953
50,51,Canada,CA,CAN,C02 Emissions Embodied in Gross Exports,ECBPDTCETX,Millions of metric tons,241.932,236.182,242.071,230.394,196.653,221.666,233.538,235.245,234.937,227.589,218.811,221.596,227.5,217.86,228.321
56,57,Chile,CL,CHL,C02 Emissions Embodied in Gross Exports,ECBPDTCETX,Millions of metric tons,31.595,33.583,38.533,38.162,32.773,36.506,39.828,37.152,35.997,35.599,35.48,32.519,33.463,33.151,32.858
62,63,"China, P.R.: Hong Kong",HK,HKG,C02 Emissions Embodied in Gross Exports,ECBPDTCETX,Millions of metric tons,53.995,60.627,63.811,63.687,61.073,63.258,64.019,61.472,64.765,61.525,57.54,60.327,61.705,60.99,61.045
68,69,"China, P.R.: Mainland",CN,CHN,C02 Emissions Embodied in Gross Exports,ECBPDTCETX,Millions of metric tons,1665.382,1967.78,2193.726,2165.714,1767.864,2093.897,2329.401,2344.504,2386.143,2399.438,2190.26,2187.751,2284.418,2390.624,2212.066
80,81,Costa Rica,CR,CRI,C02 Emissions Embodied in Gross Exports,ECBPDTCETX,Millions of metric tons,3.189,3.319,3.542,3.72,2.871,3.278,3.452,3.43,3.588,3.591,3.082,3.257,3.48,3.694,3.696
86,87,"Croatia, Rep. of",HR,HRV,C02 Emissions Embodied in Gross Exports,ECBPDTCETX,Millions of metric tons,6.323,6.588,6.762,6.52,5.333,5.921,5.825,5.262,5.589,5.575,5.407,5.253,5.452,5.701,5.618
92,93,Cyprus,CY,CYP,C02 Emissions Embodied in Gross Exports,ECBPDTCETX,Millions of metric tons,4.754,4.89,5.401,3.95,3.794,4.651,4.554,4.537,4.455,4.501,4.433,4.924,4.459,4.317,4.342
98,99,Czech Rep.,CZ,CZE,C02 Emissions Embodied in Gross Exports,ECBPDTCETX,Millions of metric tons,60.262,65.824,69.523,67.764,57.514,62.044,66.481,65.448,61.679,61.906,62.084,59.79,61.517,62.383,64.72
104,105,Denmark,DK,DNK,C02 Emissions Embodied in Gross Exports,ECBPDTCETX,Millions of metric tons,60.055,78.002,80.823,86.2,58.018,63.79,69.211,64.655,61.915,58.422,57.065,54.295,52.676,53.306,44.366
110,111,"Estonia, Rep. of",EE,EST,C02 Emissions Embodied in Gross Exports,ECBPDTCETX,Millions of metric tons,7.503,7.278,9.888,8.707,7.188,10.026,10.555,9.59,10.664,9.882,8.703,9.036,9.829,11.035,10.663
116,117,Finland,FI,FIN,C02 Emissions Embodied in Gross Exports,ECBPDTCETX,Millions of metric tons,39.079,47.699,48.298,42.982,32.251,39.011,36.725,32.237,32.344,28.263,25.031,24.462,25.732,26.253,27.301
122,123,France,FR,FRA,C02 Emissions Embodied in Gross Exports,ECBPDTCETX,Millions of metric tons,157.299,169.288,172.015,159.656,120.168,145.258,153.171,145.688,145.307,138.874,129.698,137.715,149.977,162.689,155.991
134,135,Germany,DE,DEU,C02 Emissions Embodied in Gross Exports,ECBPDTCETX,Millions of metric tons,290.293,335.447,362.237,358.234,258.152,337.22,353.263,339.453,330.035,321.918,322.419,332.766,337.778,343.284,324.401
140,141,Greece,GR,GRC,C02 Emissions Embodied in Gross Exports,ECBPDTCETX,Millions of metric tons,34.425,30.601,34.239,42.295,28.338,27.408,32.099,29.965,29.708,33.339,31.155,30.632,32.082,34.332,35.446
146,147,Hungary,HU,HUN,C02 Emissions Embodied in Gross Exports,ECBPDTCETX,Millions of metric tons,35.532,41.738,43.329,44.933,34.747,41.33,43.397,38.049,37.683,38.506,37.225,40.116,42.339,49.111,47.907
152,153,Iceland,IS,ISL,C02 Emissions Embodied in Gross Exports,ECBPDTCETX,Millions of metric tons,3.316,2.987,3.351,3.143,3.329,3.569,3.576,3.57,3.626,3.588,3.837,3.78,4.036,3.725,3.906
158,159,India,IN,IND,C02 Emissions Embodied in Gross Exports,ECBPDTCETX,Millions of metric tons,229.681,254.62,274.224,328.797,337.794,404.586,414.995,432.765,473.679,473.505,431.497,411.073,440.779,457.878,455.37
164,165,Indonesia,ID,IDN,C02 Emissions Embodied in Gross Exports,ECBPDTCETX,Millions of metric tons,120.363,116.198,112.156,110.983,99.647,103.369,114.001,108.917,106.402,115.61,111.59,117.076,114.873,117.195,113.872
176,177,Israel,IL,ISR,C02 Emissions Embodied in Gross Exports,ECBPDTCETX,Millions of metric tons,22.081,27.946,20.979,22.233,18.909,21.938,19.354,20.122,19.677,20.741,20.72,24.052,25.82,22.189,23.39
182,183,Italy,IT,ITA,C02 Emissions Embodied in Gross Exports,ECBPDTCETX,Millions of metric tons,153.772,172.976,183.226,175.548,117.496,149.405,158.879,148.676,139.089,137.191,134.333,147.588,154.307,182.371,182.254
188,189,Japan,JP,JPN,C02 Emissions Embodied in Gross Exports,ECBPDTCETX,Millions of metric tons,240.136,271.569,300.19,295.684,199.275,249.836,263.395,249.395,264.426,279.441,262.775,269.067,261.54,291.17,307.361
194,195,"Kazakhstan, Rep. of",KZ,KAZ,C02 Emissions Embodied in Gross Exports,ECBPDTCETX,Millions of metric tons,83.165,91.3,101.278,122.265,93.078,102.336,118.479,108.955,105.752,97.939,76.686,75.808,91.404,97.268,111.631
200,201,"Korea, Rep. of",KR,KOR,C02 Emissions Embodied in Gross Exports,ECBPDTCETX,Millions of metric tons,248.449,269.443,295.14,351.277,303.896,355.515,408.317,403.578,392.579,379.302,347.937,335.913,392.39,405.489,361.062
206,207,Latvia,LV,LVA,C02 Emissions Embodied in Gross Exports,ECBPDTCETX,Millions of metric tons,3.786,3.97,4.431,3.876,3.168,4.463,4.407,4.606,4.312,4.006,4.042,3.974,4.343,4.561,4.52
212,213,Lithuania,LT,LTU,C02 Emissions Embodied in Gross Exports,ECBPDTCETX,Millions of metric tons,7.148,6.699,6.03,7.862,6.178,7.76,8.337,8.37,8.865,8.301,8.543,8.725,9.324,10.09,10.084
218,219,Luxembourg,LU,LUX,C02 Emissions Embodied in Gross Exports,ECBPDTCETX,Millions of metric tons,8.846,9.702,10.25,11.297,8.122,9.662,9.737,9.678,9.806,10.354,10.562,9.734,10.654,11.159,10.078
224,225,Malaysia,MY,MYS,C02 Emissions Embodied in Gross Exports,ECBPDTCETX,Millions of metric tons,141.407,148.666,165.625,169.206,131.584,146.298,152.124,144.481,146.703,148.828,141.113,132.267,133.447,143.927,139.496
230,231,Malta,MT,MLT,C02 Emissions Embodied in Gross Exports,ECBPDTCETX,Millions of metric tons,2.689,2.923,3.078,3.824,3.216,3.122,2.998,3.278,3.116,2.986,2.751,2.886,2.609,2.569,2.541
236,237,Mexico,MX,MEX,C02 Emissions Embodied in Gross Exports,ECBPDTCETX,Millions of metric tons,130.771,144.534,144.658,144.98,134.951,161.084,167.94,172.973,169.601,166.499,175.475,171.225,178.76,191.056,194.157
242,243,Morocco,MA,MAR,C02 Emissions Embodied in Gross Exports,ECBPDTCETX,Millions of metric tons,11.273,13.163,13.243,14.485,11.712,13.279,15.965,15.536,14.382,14.919,14.696,14.789,15.423,16.299,15.792
248,249,"Netherlands, The",NL,NLD,C02 Emissions Embodied in Gross Exports,ECBPDTCETX,Millions of metric tons,98.746,98.11,101.534,98.669,82.027,90.165,96.16,92.97,93.676,93.709,95.933,91.852,91.959,95.162,97.058
254,255,New Zealand,NZ,NZL,C02 Emissions Embodied in Gross Exports,ECBPDTCETX,Millions of metric tons,13.084,13.595,13.707,14.73,12.183,13.643,13.715,13.688,13.865,14.114,13.153,13.167,13.33,13.08,12.269
260,261,Norway,NO,NOR,C02 Emissions Embodied in Gross Exports,ECBPDTCETX,Millions of metric tons,37.068,39.251,39.032,40.666,33.982,36.225,33.272,33.473,32.962,35.006,33.87,35.58,36.025,34.96,34.9
266,267,Peru,PE,PER,C02 Emissions Embodied in Gross Exports,ECBPDTCETX,Millions of metric tons,9.816,11.69,11.914,12.803,11.77,13.58,15.092,14.353,12.787,13.421,11.325,11.55,11.72,11.095,11.409
272,273,Philippines,PH,PHL,C02 Emissions Embodied in Gross Exports,ECBPDTCETX,Millions of metric tons,22.211,27.361,24.073,23.399,21.272,26.192,27.771,25.975,25.955,28.856,30.322,28.13,29.476,30.182,31.181
278,279,"Poland, Rep. of",PL,POL,C02 Emissions Embodied in Gross Exports,ECBPDTCETX,Millions of metric tons,93.605,102.767,108.077,98.903,83.343,90.633,98.133,96.245,98.337,98.561,101.229,98.558,101.799,106.427,108.244
284,285,Portugal,PT,PRT,C02 Emissions Embodied in Gross Exports,ECBPDTCETX,Millions of metric tons,19.594,21.801,23.299,23.275,18.264,18.783,21.384,22.824,23.743,23.697,24.485,25.328,27.881,30.335,29.366
290,291,Romania,RO,ROU,C02 Emissions Embodied in Gross Exports,ECBPDTCETX,Millions of metric tons,32.275,31.341,28.349,25.992,19.487,22.759,27.928,26.162,26.624,27.705,25.908,19.584,18.171,13.511,16.886
296,297,Russian Federation,RU,RUS,C02 Emissions Embodied in Gross Exports,ECBPDTCETX,Millions of metric tons,512.826,511.602,484.657,509.184,447.565,489.138,510.637,449.254,420.728,421.954,449.484,460.084,437.922,390.154,395.077
308,309,Singapore,SG,SGP,C02 Emissions Embodied in Gross Exports,ECBPDTCETX,Millions of metric tons,96.871,119.13,120.528,128.304,130.946,142.089,153.46,147.83,151.056,154.594,153.058,156.603,168.176,166.828,160.678
314,315,Slovak Rep.,SK,SVK,C02 Emissions Embodied in Gross Exports,ECBPDTCETX,Millions of metric tons,29.757,33.478,37.257,36.908,28.357,32.678,36.091,35.799,34.132,32.139,30.724,32.797,30.614,37.299,34.903
326,327,South Africa,ZA,ZAF,C02 Emissions Embodied in Gross Exports,ECBPDTCETX,Millions of metric tons,121.614,127.94,142.306,161.149,122.713,154.824,158.352,152.295,157.657,168.358,156.187,148.705,162.253,170.334,158.532
332,333,Spain,ES,ESP,C02 Emissions Embodied in Gross Exports,ECBPDTCETX,Millions of metric tons,117.746,121.412,131.353,124.683,88.983,98.307,111.866,114.082,107.694,105.126,101.033,80.936,82.527,93.118,98.318
338,339,Sweden,SE,SWE,C02 Emissions Embodied in Gross Exports,ECBPDTCETX,Millions of metric tons,44.325,47.626,48.051,47.429,32.013,40.961,39.549,36.38,33.286,34.07,30.328,35.491,39.558,40.316,38.779
344,345,Switzerland,CH,CHE,C02 Emissions Embodied in Gross Exports,ECBPDTCETX,Millions of metric tons,41.624,46.46,49.144,51.254,46.732,50.134,53.297,53.144,57.089,46.912,43.44,36.097,37.84,31.794,28.167
350,351,Taiwan Province of China,TW,TWN,C02 Emissions Embodied in Gross Exports,ECBPDTCETX,Millions of metric tons,199.664,217.356,231.965,212.571,175.636,213.455,213.626,193.479,192.859,203.388,195.043,204.458,204.458,204.458,204.458
356,357,Thailand,TH,THA,C02 Emissions Embodied in Gross Exports,ECBPDTCETX,Millions of metric tons,129.711,133.961,144.292,148.888,128.197,144.645,156.683,163.314,173.591,171.751,173.753,176.347,188.897,194.53,212.009
362,363,Tunisia,TN,TUN,C02 Emissions Embodied in Gross Exports,ECBPDTCETX,Millions of metric tons,8.147,8.701,9.314,10.289,8.205,9.933,8.359,9.479,8.898,8.749,7.888,8.412,8.04,7.889,7.259
368,369,Turkey,TR,TUR,C02 Emissions Embodied in Gross Exports,ECBPDTCETX,Millions of metric tons,62.95,75.183,84.547,93.818,84.596,81.667,90.705,101.18,93.035,100.9,101.559,103.185,103.81,113.312,120.821
374,375,United Kingdom,GB,GBR,C02 Emissions Embodied in Gross Exports,ECBPDTCETX,Millions of metric tons,150.155,156.917,156.644,159.533,133.335,145.916,154.159,156.442,148.915,139.18,128.898,137.534,146.828,140.575,129.101
380,381,United States,US,USA,C02 Emissions Embodied in Gross Exports,ECBPDTCETX,Millions of metric tons,528.096,558.898,605.209,650.307,487.148,599.658,633.958,611.484,616.965,620.203,558.468,517.064,538.906,576.254,585.821
4,5,Argentina,AR,ARG,C02 Emissions Embodied in Gross Imports,ECBPDTCETM,Millions of metric tons,28.141,32.24,37.973,41.691,30.427,40.144,47.782,44.065,47.053,41.757,42.242,43.146079992772194,44.0533083290875,44.963695972651706,45.877253925350345
22,23,Belgium,BE,BEL,C02 Emissions Embodied in Gross Imports,ECBPDTCETM,Millions of metric tons,87.83,92.674,99.729,113.261,90.015,89.808,99.175,90.748,88.389,87.941,86.547,86.19990499707157,85.8578902998764,85.52088154979184,85.1888054765559
76,77,Colombia,CO,COL,C02 Emissions Embodied in Gross Imports,ECBPDTCETM,Millions of metric tons,21.099,23.539,27.97,31.166,24.331,29.218,36.176,39.561,39.714,42.571,36.086,37.472786368476655,38.876069630938225,40.29604603066872,41.73291414541743
130,131,G20,,G20,C02 Emissions Embodied in Gross Imports,ECBPDTCETM,Millions of metric tons,1484.688,1600.614,1629.401,1719.686,1383.641,1558.788,1707.997,1667.581,1643.656,1605.442,1469.532,1477.069926159563,1484.6450276204691,1492.2574877226714,1499.907490710313
172,173,Ireland,IE,IRL,C02 Emissions Embodied in Gross Imports,ECBPDTCETM,Millions of metric tons,41.172,45.024,48.963,45.755,39.46,38.46,34.985,34.712,36.589,39.88,40.462,40.62070055506203,40.77554916362001,40.92663931930958,41.07406224650851
304,305,Saudi Arabia,SA,SAU,C02 Emissions Embodied in Gross Imports,ECBPDTCETM,Millions of metric tons,55.033,70.23,87.934,104.239,90.071,94.797,102.584,112.935,118.302,130.301,131.752,141.16315968074744,151.1617858446262,161.7845495163038,173.07041081112573
322,323,"Slovenia, Rep. of",SI,SVN,C02 Emissions Embodied in Gross Imports,ECBPDTCETM,Millions of metric tons,11.794,13.266,14.906,15.516,10.65,11.937,12.448,11.031,10.588,10.684,9.82,9.762561955383596,9.708986877206494,9.6590149636281,9.61240388564831
388,389,Vietnam,VN,VNM,C02 Emissions Embodied in Gross Imports,ECBPDTCETM,Millions of metric tons,46.007,53.515,67.426,75.256,68.948,74.456,78.397,77.211,90.799,99.284,110.562,120.02465644778788,130.23674481824966,141.25829934746523,153.1534827647802
394,395,World,,WLD,C02 Emissions Embodied in Gross Imports,ECBPDTCETM,Millions of metric tons,0.0,0.0,0.0,0.0,0.0,0.0,0.0,0.0,0.0,0.0,0.0,0.019601933043342665,0.021164188653174,0.021293449470780518,0.021304144493325586
10,11,Australia,AU,AUS,C02 Emissions Embodied in Gross Imports,ECBPDTCETM,Millions of metric tons,119.443,131.713,142.951,154.175,131.159,154.758,172.382,178.472,167.85,158.207,143.736,142.537,151.436,157.174,148.48
16,17,Austria,AT,AUT,C02 Emissions Embodied in Gross Imports,ECBPDTCETM,Millions of metric tons,65.083,71.316,74.651,74.092,62.598,72.464,77.595,73.484,71.434,69.867,66.252,58.011,55.387,64.852,76.844
28,29,Brazil,BR,BRA,C02 Emissions Embodied in Gross Imports,ECBPDTCETM,Millions of metric tons,75.769,89.342,104.329,136.274,109.397,150.044,166.957,165.073,170.305,160.732,117.167,101.889,106.903,120.361,119.142
34,35,Brunei Darussalam,BN,BRN,C02 Emissions Embodied in Gross Imports,ECBPDTCETM,Millions of metric tons,1.605,1.954,1.913,1.928,1.962,2.048,2.926,3.526,4.044,2.344,2.124,2.867,4.89,11.652,3.514
40,41,Bulgaria,BG,BGR,C02 Emissions Embodied in Gross Imports,ECBPDTCETM,Millions of metric tons,11.743,14.907,20.436,22.019,14.533,13.617,15.752,15.143,14.854,16.225,15.709,17.402,18.785,21.637,21.172
46,47,Cambodia,KH,KHM,C02 Emissions Embodied in Gross Imports,ECBPDTCETM,Millions of metric tons,4.886,5.22,5.353,4.989,4.678,4.925,5.965,6.414,6.852,7.669,7.253,6.975,7.252,6.965,7.403
52,53,Canada,CA,CAN,C02 Emissions Embodied in Gross Imports,ECBPDTCETM,Millions of metric tons,225.682,242.272,242.997,243.592,198.602,236.324,247.677,245.49,240.036,232.4,208.963,219.246,218.884,221.384,230.076
58,59,Chile,CL,CHL,C02 Emissions Embodied in Gross Imports,ECBPDTCETM,Millions of metric tons,31.511,35.043,38.405,41.697,30.89,41.023,46.717,47.765,45.89,43.227,38.006,36.781,40.447,44.926,41.238
64,65,"China, P.R.: Hong Kong",HK,HKG,C02 Emissions Embodied in Gross Imports,ECBPDTCETM,Millions of metric tons,65.994,77.497,80.341,73.685,69.72,77.21,81.672,90.328,100.271,101.339,91.118,89.896,89.708,90.456,97.451
70,71,"China, P.R.: Mainland",CN,CHN,C02 Emissions Embodied in Gross Imports,ECBPDTCETM,Millions of metric tons,447.922,475.213,523.048,566.642,550.573,662.131,792.928,779.688,846.983,915.451,881.417,758.445,813.399,902.741,676.235
82,83,Costa Rica,CR,CRI,C02 Emissions Embodied in Gross Imports,ECBPDTCETM,Millions of metric tons,5.973,6.58,7.311,8.278,5.824,6.967,8.179,8.104,8.211,8.505,8.614,8.573,8.807,9.181,8.895
88,89,"Croatia, Rep. of",HR,HRV,C02 Emissions Embodied in Gross Imports,ECBPDTCETM,Millions of metric tons,11.888,13.056,13.167,13.273,10.617,10.002,9.542,8.042,8.934,7.425,7.318,8.351,7.46,6.536,6.684
94,95,Cyprus,CY,CYP,C02 Emissions Embodied in Gross Imports,ECBPDTCETM,Millions of metric tons,5.232,5.47,6.006,7.589,6.21,5.988,5.392,4.912,4.859,5.076,5.0,3.502,6.075,7.046,6.647
100,101,Czech Rep.,CZ,CZE,C02 Emissions Embodied in Gross Imports,ECBPDTCETM,Millions of metric tons,46.941,54.205,59.2,62.56,50.229,59.154,64.444,58.506,56.288,56.652,54.802,51.13,56.608,61.548,61.935
106,107,Denmark,DK,DNK,C02 Emissions Embodied in Gross Imports,ECBPDTCETM,Millions of metric tons,52.965,62.279,65.16,70.58,55.289,53.245,55.873,51.514,53.986,54.079,51.462,49.987,50.385,57.159,56.879
112,113,"Estonia, Rep. of",EE,EST,C02 Emissions Embodied in Gross Imports,ECBPDTCETM,Millions of metric tons,6.228,7.163,7.691,7.177,4.729,5.745,7.112,6.992,7.117,6.982,6.382,6.066,6.519,7.058,7.052
118,119,Finland,FI,FIN,C02 Emissions Embodied in Gross Imports,ECBPDTCETM,Millions of metric tons,46.018,50.173,51.852,50.148,39.847,41.661,41.36,38.789,37.871,35.823,31.995,33.583,39.751,45.727,44.383
124,125,France,FR,FRA,C02 Emissions Embodied in Gross Imports,ECBPDTCETM,Millions of metric tons,306.658,324.339,343.045,331.752,269.217,294.904,312.322,281.421,280.971,279.26,261.311,285.185,343.623,386.011,411.943
136,137,Germany,DE,DEU,C02 Emissions Embodied in Gross Imports,ECBPDTCETM,Millions of metric tons,413.046,463.455,488.023,490.371,379.002,463.862,491.967,435.554,426.922,427.394,407.027,455.288,471.48,493.549,490.397
142,143,Greece,GR,GRC,C02 Emissions Embodied in Gross Imports,ECBPDTCETM,Millions of metric tons,44.278,49.15,59.309,61.792,45.54,40.49,38.79,31.595,29.301,32.225,27.574,31.357,31.687,33.154,32.824
148,149,Hungary,HU,HUN,C02 Emissions Embodied in Gross Imports,ECBPDTCETM,Millions of metric tons,41.497,45.398,47.138,48.838,35.758,41.888,42.269,36.022,36.049,37.097,34.732,39.811,40.347,42.476,43.978
154,155,Iceland,IS,ISL,C02 Emissions Embodied in Gross Imports,ECBPDTCETM,Millions of metric tons,3.671,3.956,3.993,3.023,2.061,2.402,2.618,2.527,2.392,2.417,2.537,3.004,3.085,2.715,2.519
160,161,India,IN,IND,C02 Emissions Embodied in Gross Imports,ECBPDTCETM,Millions of metric tons,170.393,199.787,240.23,260.282,246.298,326.833,366.277,350.081,304.18,301.976,307.344,302.404,333.616,111.155,-447.794
166,167,Indonesia,ID,IDN,C02 Emissions Embodied in Gross Imports,ECBPDTCETM,Millions of metric tons,81.027,85.665,90.621,112.592,87.315,114.091,133.588,142.255,141.573,134.946,116.887,110.235,116.543,122.396,107.429
178,179,Israel,IL,ISR,C02 Emissions Embodied in Gross Imports,ECBPDTCETM,Millions of metric tons,38.104,38.528,36.712,38.902,31.776,38.239,40.19,39.336,38.442,40.193,37.866,42.375,44.438,45.955,38.687
184,185,Italy,IT,ITA,C02 Emissions Embodied in Gross Imports,ECBPDTCETM,Millions of metric tons,271.013,303.898,318.84,306.322,223.164,259.976,265.348,223.368,214.161,214.975,210.171,206.927,220.541,234.964,204.413
190,191,Japan,JP,JPN,C02 Emissions Embodied in Gross Imports,ECBPDTCETM,Millions of metric tons,519.516,533.608,512.184,546.398,400.371,466.982,529.822,530.394,490.675,492.421,421.011,411.516,375.548,338.812,366.479
196,197,"Kazakhstan, Rep. of",KZ,KAZ,C02 Emissions Embodied in Gross Imports,ECBPDTCETM,Millions of metric tons,26.41,29.703,36.46,33.696,32.9,28.028,33.485,37.588,36.938,30.823,30.434,27.131,28.373,28.766,29.084
202,203,"Korea, Rep. of",KR,KOR,C02 Emissions Embodied in Gross Imports,ECBPDTCETM,Millions of metric tons,285.212,321.767,348.833,372.37,268.693,321.285,392.597,361.277,350.773,339.083,299.729,281.279,334.912,378.265,380.155
208,209,Latvia,LV,LVA,C02 Emissions Embodied in Gross Imports,ECBPDTCETM,Millions of metric tons,6.918,8.105,9.267,8.335,5.298,6.777,7.482,6.97,6.773,6.24,6.117,6.878,6.624,5.745,5.65
214,215,Lithuania,LT,LTU,C02 Emissions Embodied in Gross Imports,ECBPDTCETM,Millions of metric tons,11.405,11.891,11.747,13.819,9.207,11.174,12.738,11.81,12.439,12.418,12.469,11.238,12.449,12.689,12.328
220,221,Luxembourg,LU,LUX,C02 Emissions Embodied in Gross Imports,ECBPDTCETM,Millions of metric tons,9.165,9.628,10.313,11.148,7.807,9.186,9.741,9.446,9.988,10.573,11.354,10.74,11.392,11.933,11.169
226,227,Malaysia,MY,MYS,C02 Emissions Embodied in Gross Imports,ECBPDTCETM,Millions of metric tons,95.747,99.861,114.383,112.088,90.558,109.105,116.767,118.884,124.776,123.255,112.542,116.446,127.156,140.285,143.275
232,233,Malta,MT,MLT,C02 Emissions Embodied in Gross Imports,ECBPDTCETM,Millions of metric tons,2.071,2.397,2.369,2.87,2.599,2.471,2.579,2.45,2.432,2.236,2.238,2.213,2.243,2.38,3.158
238,239,Mexico,MX,MEX,C02 Emissions Embodied in Gross Imports,ECBPDTCETM,Millions of metric tons,157.084,176.519,180.945,182.827,145.082,184.016,194.121,200.995,202.492,208.83,208.101,211.97,214.514,216.578,214.004
244,245,Morocco,MA,MAR,C02 Emissions Embodied in Gross Imports,ECBPDTCETM,Millions of metric tons,15.142,15.947,18.649,22.237,18.941,19.271,21.166,21.324,20.966,20.854,22.021,21.014,22.056,25.604,26.846
250,251,"Netherlands, The",NL,NLD,C02 Emissions Embodied in Gross Imports,ECBPDTCETM,Millions of metric tons,103.666,106.351,116.239,107.721,87.874,93.213,97.864,87.589,88.854,86.856,93.36,96.728,111.763,103.632,111.377
256,257,New Zealand,NZ,NZL,C02 Emissions Embodied in Gross Imports,ECBPDTCETM,Millions of metric tons,22.964,21.756,23.46,22.844,16.992,20.613,22.236,21.824,23.748,24.142,22.314,22.78,24.389,24.885,24.912
262,263,Norway,NO,NOR,C02 Emissions Embodied in Gross Imports,ECBPDTCETM,Millions of metric tons,43.196,46.44,51.291,51.451,40.95,47.487,48.052,44.284,45.038,45.838,41.136,37.23,42.908,50.175,48.113
268,269,Peru,PE,PER,C02 Emissions Embodied in Gross Imports,ECBPDTCETM,Millions of metric tons,12.433,14.441,16.546,22.799,16.827,22.649,25.016,27.439,27.974,26.851,25.877,25.094,27.04,27.8,28.381
274,275,Philippines,PH,PHL,C02 Emissions Embodied in Gross Imports,ECBPDTCETM,Millions of metric tons,24.794,32.082,29.082,32.162,29.485,37.202,42.125,40.203,43.937,47.463,54.401,71.337,75.929,90.086,104.805
280,281,"Poland, Rep. of",PL,POL,C02 Emissions Embodied in Gross Imports,ECBPDTCETM,Millions of metric tons,71.535,81.771,97.037,106.18,79.348,90.931,99.361,91.887,88.722,95.409,91.671,92.734,102.385,109.835,103.063
286,287,Portugal,PT,PRT,C02 Emissions Embodied in Gross Imports,ECBPDTCETM,Millions of metric tons,33.064,35.25,37.019,38.382,27.462,30.33,29.685,27.871,26.133,27.48,26.404,26.98,30.148,35.352,39.041
292,293,Romania,RO,ROU,C02 Emissions Embodied in Gross Imports,ECBPDTCETM,Millions of metric tons,26.815,30.382,36.229,40.057,25.937,27.754,30.553,26.388,26.456,28.093,27.43,23.148,27.286,25.286,25.578
298,299,Russian Federation,RU,RUS,C02 Emissions Embodied in Gross Imports,ECBPDTCETM,Millions of metric tons,115.926,140.579,177.809,207.676,137.565,172.362,196.942,213.968,213.326,189.169,128.746,139.444,163.829,165.358,174.053
310,311,Singapore,SG,SGP,C02 Emissions Embodied in Gross Imports,ECBPDTCETM,Millions of metric tons,73.995,85.19,83.096,94.51,84.611,92.102,99.647,101.249,99.704,100.61,100.562,93.925,93.807,103.63,107.32
316,317,Slovak Rep.,SK,SVK,C02 Emissions Embodied in Gross Imports,ECBPDTCETM,Millions of metric tons,26.189,31.247,38.883,39.643,32.036,34.667,40.149,37.104,33.271,32.728,32.243,32.428,32.353,34.126,33.59
328,329,South Africa,ZA,ZAF,C02 Emissions Embodied in Gross Imports,ECBPDTCETM,Millions of metric tons,47.132,56.423,58.818,58.101,47.18,57.075,63.05,63.192,63.147,58.296,55.636,52.227,55.204,56.007,53.51
334,335,Spain,ES,ESP,C02 Emissions Embodied in Gross Imports,ECBPDTCETM,Millions of metric tons,177.285,197.868,217.576,204.756,138.514,151.291,156.196,137.303,134.745,137.381,133.151,138.338,151.198,153.261,144.911
340,341,Sweden,SE,SWE,C02 Emissions Embodied in Gross Imports,ECBPDTCETM,Millions of metric tons,69.128,77.194,80.406,78.067,54.824,69.746,72.255,67.576,64.274,62.839,56.562,61.761,64.206,59.734,52.893
346,347,Switzerland,CH,CHE,C02 Emissions Embodied in Gross Imports,ECBPDTCETM,Millions of metric tons,80.131,87.047,89.984,92.246,91.39,93.291,103.968,100.915,104.681,91.583,92.271,85.184,87.129,89.319,91.06
352,353,Taiwan Province of China,TW,TWN,C02 Emissions Embodied in Gross Imports,ECBPDTCETM,Millions of metric tons,165.128,180.479,178.316,166.816,126.098,160.384,163.259,140.688,140.504,151.755,137.884,155.574,155.574,155.574,155.574
358,359,Thailand,TH,THA,C02 Emissions Embodied in Gross Imports,ECBPDTCETM,Millions of metric tons,115.124,113.9,118.738,133.628,105.422,134.808,156.347,163.225,169.359,155.071,145.402,137.428,157.211,163.097,173.88
364,365,Tunisia,TN,TUN,C02 Emissions Embodied in Gross Imports,ECBPDTCETM,Millions of metric tons,8.194,8.377,9.316,11.208,8.959,10.059,9.544,10.799,10.242,10.439,9.504,8.689,8.77,9.275,9.956
370,371,Turkey,TR,TUR,C02 Emissions Embodied in Gross Imports,ECBPDTCETM,Millions of metric tons,117.939,132.207,145.849,154.151,110.873,138.137,159.394,148.782,164.408,149.473,140.483,140.622,149.772,136.854,133.771
376,377,United Kingdom,GB,GBR,C02 Emissions Embodied in Gross Imports,ECBPDTCETM,Millions of metric tons,315.406,334.51,341.905,307.686,251.702,275.384,280.324,281.94,277.597,282.763,271.416,272.464,265.567,259.372,254.993
382,383,United States,US,USA,C02 Emissions Embodied in Gross Imports,ECBPDTCETM,Millions of metric tons,1497.646,1580.224,1501.514,1417.361,1148.701,1293.214,1322.036,1329.178,1312.839,1326.05,1343.801,1426.84,1385.051,1472.054,1973.545
5,6,Argentina,AR,ARG,C02 Emissions Embodied in Production,ECBPDTCEVA,Millions of metric tons,152.274,161.486,168.48,179.919,172.694,177.258,185.18,189.636,184.817,188.737,195.027,200.01241768705364,205.10068601617257,210.29392682653605,215.59430573149342
11,12,Australia,AU,AUS,C02 Emissions Embodied in Production,ECBPDTCEVA,Millions of metric tons,382.096,387.595,400.347,401.043,408.034,400.081,398.535,397.912,395.402,385.987,392.488,396.4505824960306,400.4470959482433,404.4778309019549,408.54308039037534
17,18,Austria,AT,AUT,C02 Emissions Embodied in Production,ECBPDTCEVA,Millions of metric tons,75.274,73.207,71.77,71.299,64.083,69.74,68.314,65.608,66.578,62.77,64.256,63.87899391863372,63.506721807233745,63.13912422253713,62.77614246769486
23,24,Belgium,BE,BEL,C02 Emissions Embodied in Production,ECBPDTCEVA,Millions of metric tons,118.87,118.005,114.788,117.722,108.39,114.634,103.331,102.293,101.642,95.113,101.301,100.58912536435864,99.88661096981788,99.19333374117731,98.50917222151799
29,30,Brazil,BR,BRA,C02 Emissions Embodied in Production,ECBPDTCEVA,Millions of metric tons,321.145,324.482,340.539,360.19,339.518,381.491,400.359,431.959,460.643,484.935,461.154,479.0710576372588,497.63791451513794,516.8781369502537,536.8161459405519
35,36,Brunei Darussalam,BN,BRN,C02 Emissions Embodied in Production,ECBPDTCEVA,Millions of metric tons,5.157,7.581,7.593,7.76,7.971,7.303,7.622,7.612,7.433,7.282,6.71,6.963735339318832,7.18193843471323,7.369585102171989,7.530954361140264
41,42,Bulgaria,BG,BGR,C02 Emissions Embodied in Production,ECBPDTCEVA,Millions of metric tons,47.101,48.08,50.903,48.482,42.896,44.399,49.564,44.581,39.502,41.429,43.564,43.613447011946874,43.66189956465567,43.70937765830715,43.75590089084613
47,48,Cambodia,KH,KHM,C02 Emissions Embodied in Production,ECBPDTCEVA,Millions of metric tons,3.042,3.388,3.992,4.073,4.868,5.193,5.497,5.725,5.997,6.969,8.821,9.73306387856595,10.699228955513028,11.721645655892127,12.803589036123974
53,54,Canada,CA,CAN,C02 Emissions Embodied in Production,ECBPDTCEVA,Millions of metric tons,555.353,547.006,577.371,556.609,527.582,543.277,550.91,546.837,555.889,557.952,556.444,557.829890454592,559.2173392881353,560.6063482529656,561.9969191033884
59,60,Chile,CL,CHL,C02 Emissions Embodied in Production,ECBPDTCEVA,Millions of metric tons,61.251,63.673,71.938,76.399,71.886,78.306,85.052,85.3,89.437,82.263,86.705,89.70429539281469,92.77724621152267,95.92566125487596,99.15139374134024
65,66,"China, P.R.: Hong Kong",HK,HKG,C02 Emissions Embodied in Production,ECBPDTCEVA,Millions of metric tons,59.405,61.897,65.639,64.737,71.945,69.871,72.153,69.76,71.888,72.416,70.399,72.61205415661935,74.88980301934203,77.23413782295108,79.6470050891181
71,72,"China, P.R.: Mainland",CN,CHN,C02 Emissions Embodied in Production,ECBPDTCEVA,Millions of metric tons,5478.115,6040.04,6555.648,6759.375,7236.165,7904.784,8686.645,8935.418,9319.037,9264.018,9280.847,9834.680599199983,10421.551278333103,11043.429753246293,11702.404296209672
77,78,Colombia,CO,COL,C02 Emissions Embodied in Production,ECBPDTCEVA,Millions of metric tons,56.461,56.596,57.266,58.473,62.091,63.707,69.287,69.615,79.214,82.854,82.755,86.18007632173837,89.69969310623036,93.31645990090153,97.03305828305297
83,84,Costa Rica,CR,CRI,C02 Emissions Embodied in Production,ECBPDTCEVA,Millions of metric tons,6.206,6.543,7.334,7.336,6.95,7.775,7.572,7.724,8.296,8.43,8.003,8.154891050120039,8.298639313775357,8.43469443951244,8.563468149668125
89,90,"Croatia, Rep. of",HR,HRV,C02 Emissions Embodied in Production,ECBPDTCEVA,Millions of metric tons,19.301,19.507,20.92,20.102,18.799,18.387,17.62,16.283,15.792,15.052,15.269,15.165482896294677,15.066042045766196,14.9705169354233,14.878753372888115
95,96,Cyprus,CY,CYP,C02 Emissions Embodied in Production,ECBPDTCEVA,Millions of metric tons,10.371,10.611,11.253,7.909,8.033,9.513,9.075,8.779,7.534,7.324,7.325,7.165866440775079,7.016626376244674,6.876664717814355,6.745404617571138
101,102,Czech Rep.,CZ,CZE,C02 Emissions Embodied in Production,ECBPDTCEVA,Millions of metric tons,118.277,118.825,121.815,116.778,109.538,112.387,109.63,106.013,101.372,98.856,99.275,98.21118647658454,97.16712577108578,96.14245111450983,95.13680254800481
107,108,Denmark,DK,DNK,C02 Emissions Embodied in Production,ECBPDTCEVA,Millions of metric tons,85.711,106.609,104.14,102.308,81.025,85.238,85.498,77.728,74.767,66.902,64.912,63.57014564583459,62.26694287460804,61.00127834279016,59.77207077626995
113,114,"Estonia, Rep. of",EE,EST,C02 Emissions Embodied in Production,ECBPDTCEVA,Millions of metric tons,16.485,15.432,19.778,17.994,15.209,19.031,17.877,16.685,19.019,17.642,15.602,15.609826106372815,15.61732089811189,15.624498401270715,15.631372048116202
119,120,Finland,FI,FIN,C02 Emissions Embodied in Production,ECBPDTCEVA,Millions of metric tons,58.464,70.638,69.509,59.08,56.578,65.426,58.527,51.68,52.903,48.379,45.243,44.673088058788586,44.1242187914254,43.59561524608568,43.08652915808499
125,126,France,FR,FRA,C02 Emissions Embodied in Production,ECBPDTCEVA,Millions of metric tons,385.414,377.111,369.062,364.419,350.755,359.426,334.561,338.261,339.101,306.48,311.928,306.1295785397904,300.4459580839999,294.87486572599266,289.4140735596498
131,132,G20,,G20,C02 Emissions Embodied in Production,ECBPDTCEVA,Millions of metric tons,22876.491,23564.868,24459.959,24494.55,24163.644,25615.733,26374.085,26574.848,27063.36,27048.59,26955.193,27605.347228757037,28271.16701291679,28953.02981618745,29651.322197317062
137,138,Germany,DE,DEU,C02 Emissions Embodied in Production,ECBPDTCEVA,Millions of metric tons,814.116,827.752,799.19,816.636,745.443,796.241,770.025,781.727,799.195,756.875,765.729,768.0774367360214,770.4317752849926,772.7920304786509,775.1582171860065
143,144,Greece,GR,GRC,C02 Emissions Embodied in Production,ECBPDTCEVA,Millions of metric tons,112.332,104.156,108.894,119.389,105.951,95.578,97.353,87.709,78.992,79.685,76.874,74.85990786073435,72.9116304656112,71.02701717789347,69.20398763747338
149,150,Hungary,HU,HUN,C02 Emissions Embodied in Production,ECBPDTCEVA,Millions of metric tons,62.287,62.068,60.6,59.555,54.529,55.126,54.337,50.124,47.789,47.693,50.899,50.13500029908366,49.39880187859719,48.689393074278655,48.005799035443175
155,156,Iceland,IS,ISL,C02 Emissions Embodied in Production,ECBPDTCEVA,Millions of metric tons,4.125,4.021,4.242,3.885,3.695,3.666,3.543,3.595,3.751,3.855,4.131,4.117406046428902,4.106152136911113,4.096835459553625,4.089122541936301
161,162,India,IN,IND,C02 Emissions Embodied in Production,ECBPDTCEVA,Millions of metric tons,1081.058,1154.625,1268.89,1345.789,1510.742,1595.011,1681.301,1817.359,1866.712,2030.043,2043.407,2185.128785603415,2336.64683904008,2498.638310001921,2671.827154955965
167,168,Indonesia,ID,IDN,C02 Emissions Embodied in Production,ECBPDTCEVA,Millions of metric tons,343.696,360.069,377.684,369.256,385.555,386.968,415.6,437.036,440.104,477.653,479.376,500.505767409486,522.5452558364889,545.5336324101906,569.5117505613742
173,174,Ireland,IE,IRL,C02 Emissions Embodied in Production,ECBPDTCEVA,Millions of metric tons,60.935,62.906,63.128,62.04,56.22,56.138,52.351,52.41,51.398,51.303,52.75,52.36619727286901,51.989343654409005,51.61931332448399,51.25598274104966
179,180,Israel,IL,ISR,C02 Emissions Embodied in Production,ECBPDTCEVA,Millions of metric tons,67.657,73.104,72.292,71.582,72.344,76.095,74.752,79.595,71.43,69.624,70.97,71.48531004830933,71.99869907426765,72.51017423924678,73.01974267792173
185,186,Italy,IT,ITA,C02 Emissions Embodied in Production,ECBPDTCEVA,Millions of metric tons,466.668,460.542,452.657,445.672,400.088,415.886,410.604,389.939,360.773,340.683,346.837,337.4628077672297,328.35364647212015,319.50202305327747,310.900656296157
191,192,Japan,JP,JPN,C02 Emissions Embodied in Production,ECBPDTCEVA,Millions of metric tons,1220.758,1206.378,1250.277,1169.646,1106.043,1158.89,1204.751,1249.096,1270.62,1235.109,1202.308,1207.7326739994487,1213.1780170570203,1218.6441079258282,1224.1310256590493
197,198,"Kazakhstan, Rep. of",KZ,KAZ,C02 Emissions Embodied in Production,ECBPDTCEVA,Millions of metric tons,157.917,173.879,188.496,232.22,203.775,222.304,236.275,234.983,250.07,230.596,226.456,233.67927474863075,241.11181729272548,248.75969039629945,256.62913246963694
203,204,"Korea, Rep. of",KR,KOR,C02 Emissions Embodied in Production,ECBPDTCEVA,Millions of metric tons,509.555,522.225,537.246,543.489,554.973,612.124,624.025,626.217,624.611,616.627,632.478,652.0387658070624,672.2010251479896,692.9832739484958,714.4045768839972
209,210,Latvia,LV,LVA,C02 Emissions Embodied in Production,ECBPDTCEVA,Millions of metric tons,7.778,8.473,8.783,8.629,7.976,8.765,8.034,7.677,7.383,7.122,7.131,7.21077923945473,7.285904916226733,7.356648474939821,7.423265526718014
215,216,Lithuania,LT,LTU,C02 Emissions Embodied in Production,ECBPDTCEVA,Millions of metric tons,12.566,12.191,12.623,12.358,11.399,12.655,11.231,11.086,10.531,9.838,10.284,10.220992127313687,10.16149658583608,10.105317583041673,10.05227024072676
221,222,Luxembourg,LU,LUX,C02 Emissions Embodied in Production,ECBPDTCEVA,Millions of metric tons,12.387,12.043,11.702,11.726,11.047,11.599,11.332,11.208,10.587,10.017,9.593,9.482017345687344,9.372038588781576,9.263054648494265,9.155056526177557
227,228,Malaysia,MY,MYS,C02 Emissions Embodied in Production,ECBPDTCEVA,Millions of metric tons,170.089,174.867,191.519,202.444,182.4,202.995,204.707,206.325,224.23,236.862,238.435,249.79052044111015,261.651165840222,274.0394055526169,286.9787084326483
233,234,Malta,MT,MLT,C02 Emissions Embodied in Production,ECBPDTCEVA,Millions of metric tons,3.588,3.538,3.71,3.827,3.643,3.945,3.893,3.892,3.67,3.61,3.121,3.2776491755504495,3.3951544640503366,3.48329723771591,3.549414675055488
239,240,Mexico,MX,MEX,C02 Emissions Embodied in Production,ECBPDTCEVA,Millions of metric tons,423.63,438.17,444.3,444.743,434.095,449.662,465.885,468.533,459.256,444.256,453.009,460.66896300640184,468.4467764088351,476.34425336433895,484.3632349258151
245,246,Morocco,MA,MAR,C02 Emissions Embodied in Production,ECBPDTCEVA,Millions of metric tons,42.649,44.382,45.119,46.835,47.118,50.391,55.298,55.905,55.286,57.194,59.222,61.2687410766656,63.36103078262396,65.49988276716086,67.68633323753772
251,252,"Netherlands, The",NL,NLD,C02 Emissions Embodied in Production,ECBPDTCEVA,Millions of metric tons,195.628,192.369,194.557,194.775,187.619,197.221,186.856,182.983,183.301,175.71,181.652,182.68169682799157,183.712758453142,184.7451866844024,185.7789833331216
257,258,New Zealand,NZ,NZL,C02 Emissions Embodied in Production,ECBPDTCEVA,Millions of metric tons,35.851,36.119,35.17,36.277,32.808,33.209,32.442,33.567,33.744,34.018,33.943,33.99099979597702,34.038116786171464,34.08436720702837,34.129766996374286
263,264,Norway,NO,NOR,C02 Emissions Embodied in Production,ECBPDTCEVA,Millions of metric tons,50.337,53.526,51.262,55.399,53.309,52.709,50.219,50.49,51.011,52.21,52.02,52.46432228128776,52.901457349758665,53.33152146343138,53.75462899977267
269,270,Peru,PE,PER,C02 Emissions Embodied in Production,ECBPDTCEVA,Millions of metric tons,28.727,28.139,30.905,35.217,37.727,41.135,44.492,43.905,44.85,48.151,49.194,52.16352696563628,55.27740552440792,58.54265274761343,61.966626813209984
275,276,Philippines,PH,PHL,C02 Emissions Embodied in Production,ECBPDTCEVA,Millions of metric tons,76.64,71.006,75.235,77.209,78.083,83.351,84.053,86.388,96.2,102.035,110.825,115.95381060861114,121.28247634457617,126.81878499242795,132.57082780445984
281,282,"Poland, Rep. of",PL,POL,C02 Emissions Embodied in Production,ECBPDTCEVA,Millions of metric tons,298.702,309.617,308.333,304.268,293.079,308.736,304.881,298.162,293.7,280.762,283.693,284.08221058724837,284.4705790518046,284.85810721574296,285.2447968971956
287,288,Portugal,PT,PRT,C02 Emissions Embodied in Production,ECBPDTCEVA,Millions of metric tons,64.625,59.8,58.295,56.122,56.197,50.328,50.075,48.78,46.816,46.064,50.077,48.92385991417954,47.8079364238223,46.7280283956099,45.682973461759296
293,294,Romania,RO,ROU,C02 Emissions Embodied in Production,ECBPDTCEVA,Millions of metric tons,93.159,95.729,93.145,91.69,78.862,75.783,81.861,79.92,70.074,69.792,70.978,69.59138386383883,68.24228411309457,66.92968570175842,65.65260104697902
299,300,Russian Federation,RU,RUS,C02 Emissions Embodied in Production,ECBPDTCEVA,Millions of metric tons,1495.809,1551.024,1548.51,1567.605,1454.616,1543.922,1621.285,1566.456,1531.207,1511.148,1487.625,1497.3875528346284,1507.2123372723745,1517.0997500099315,1527.0501902727442
305,306,Saudi Arabia,SA,SAU,C02 Emissions Embodied in Production,ECBPDTCEVA,Millions of metric tons,303.397,322.448,339.308,370.413,385.512,425.116,441.32,470.273,478.436,515.782,541.376,577.6614558688525,616.3333818886298,657.5487346041758,701.474793487256
311,312,Singapore,SG,SGP,C02 Emissions Embodied in Production,ECBPDTCEVA,Millions of metric tons,73.438,84.055,91.252,95.321,104.07,116.762,122.647,119.166,122.854,124.33,122.394,129.00229367259,135.91820605990787,143.1560569362159,150.73083266699834
317,318,Slovak Rep.,SK,SVK,C02 Emissions Embodied in Production,ECBPDTCEVA,Millions of metric tons,36.711,35.787,35.205,34.939,32.092,34.394,32.261,30.765,31.057,28.94,29.152,28.96158683219436,28.775430980842668,28.59343725954789,28.415512610119894
323,324,"Slovenia, Rep. of",SI,SVN,C02 Emissions Embodied in Production,ECBPDTCEVA,Millions of metric tons,15.651,15.721,15.953,16.983,14.856,15.455,15.664,14.992,14.389,12.786,12.892,12.855270968657795,12.820577867446572,12.78780784254616,12.756854295746303
329,330,South Africa,ZA,ZAF,C02 Emissions Embodied in Production,ECBPDTCEVA,Millions of metric tons,375.645,377.312,395.177,426.505,403.77,410.637,397.047,415.297,425.375,439.015,414.513,422.2094536581002,430.0442402269796,438.0198460458088,446.1388021422019
335,336,Spain,ES,ESP,C02 Emissions Embodied in Production,ECBPDTCEVA,Millions of metric tons,353.989,347.273,359.345,330.855,294.518,279.918,283.471,278.446,251.47,248.941,263.328,256.8172266746056,250.48272338889873,244.31971787922672,238.32356708426994
341,342,Sweden,SE,SWE,C02 Emissions Embodied in Production,ECBPDTCEVA,Millions of metric tons,57.772,56.603,53.848,51.819,48.902,55.66,49.799,45.727,45.003,45.367,43.803,42.89164348837801,42.013367192305275,41.1669703734902,40.35129587777212
347,348,Switzerland,CH,CHE,C02 Emissions Embodied in Production,ECBPDTCEVA,Millions of metric tons,53.693,53.272,51.563,53.975,52.387,52.777,49.838,49.868,50.448,46.045,44.867,44.52103395922835,44.183216069277904,43.85335442587489,43.53126164445204
353,354,Taiwan Province of China,TW,TWN,C02 Emissions Embodied in Production,ECBPDTCEVA,Millions of metric tons,269.408,278.821,284.18,269.508,256.65,272.174,271.602,263.362,264.26,266.809,268.224,270.29865788220945,272.38560949155067,274.4849276765295,276.5966857173275
359,360,Thailand,TH,THA,C02 Emissions Embodied in Production,ECBPDTCEVA,Millions of metric tons,213.52,214.836,223.18,226.49,221.35,237.847,235.284,252.4,262.577,259.148,267.676,274.93766948688597,282.39196631136326,290.04400022006166,297.8990165037708
365,366,Tunisia,TN,TUN,C02 Emissions Embodied in Production,ECBPDTCEVA,Millions of metric tons,21.455,22.567,22.955,23.195,23.252,25.482,24.535,25.651,25.545,26.987,27.462,28.191981338034015,28.916186099718967,29.6346599969554,30.34744837991092
371,372,Turkey,TR,TUR,C02 Emissions Embodied in Production,ECBPDTCEVA,Millions of metric tons,227.128,252.59,278.482,274.43,273.385,279.04,298.517,309.644,297.813,321.668,336.883,353.05417745045077,369.95339286750203,387.6134230407497,406.0685203942833
377,378,United Kingdom,GB,GBR,C02 Emissions Embodied in Production,ECBPDTCEVA,Millions of metric tons,569.094,571.216,561.28,547.512,496.72,512.227,476.071,496.99,482.462,444.989,430.787,424.09351861953155,417.51124584494323,411.0383340048486,404.6729661259313
383,384,United States,US,USA,C02 Emissions Embodied in Production,ECBPDTCEVA,Millions of metric tons,5833.576,5723.606,5822.515,5630.652,5216.516,5463.634,5248.631,5012.728,5146.637,5155.535,5020.004,4992.291863984901,4964.734865546404,4937.332136196144,4910.082812307712
389,390,Vietnam,VN,VNM,C02 Emissions Embodied in Production,ECBPDTCEVA,Millions of metric tons,82.132,84.457,93.133,104.09,114.696,129.008,128.953,128.72,133.605,147.779,173.294,187.87448705482774,203.62452393568972,220.63792416132733,239.01602634783376
395,396,World,,WLD,C02 Emissions Embodied in Production,ECBPDTCEVA,Millions of metric tons,27069.6,27924.3,28979.7,29202.9,28815.2,30489.9,31338.3,31669.2,32287.8,32327.8,32276.0,33161.54733024847,34071.371704030375,35006.1386700099,35966.532022690124
